{
	"errno": 0,
	"data": [
        {
            "icon": "/images/item/05.jpg",
            "title": "鸡翅汉堡",
            "time": "2018-6-26: 22:05",
            "state": "订单已送达",
            "info": "汉堡等10件商品",
            "price": "107.8"
        },
        {
            "icon": "/images/item/08.jpg",
            "title": "碳烤鸡",
            "time": "2018-6-26: 22:05",
            "state": "订单已送达",
            "info": "汉堡等10件商品",
            "price": "107.8"
        },
        {
            "icon": "/images/item/09.jpg",
            "title": "蜜汁鸡柳",
            "time": "2018-6-26: 22:05",
            "state": "订单已送达",
            "info": "汉堡等10件商品",
            "price": "107.8"
        }

    ]
}