{
    "errno": 0,
    "data": [
        {
            "id": "01", 
            "text": "热销",
            "data": [
                {
                    "id": "1",
                    "price": "22",
                    "title": "123",
                    "sales": "265",
                    "img": "01.jpg",
                    "num": "0"
                },
                {
                    "id": "2",
                    "price": "43",
                    "title": "照烧鸡腿饭套餐",
                    "sales": "236",
                    "img": "02.jpg",
                    "num": "0"
                },
                {
                    "id": "3",
                    "price": "41",
                    "title": "至尊脆皮鸡腿堡套餐",
                    "sales": "236",
                    "img": "03.jpg",
                    "num": "0"
                },
                {
                    "id": "4",
                    "price": "35",
                    "title": "脆皮鸡腿堡套餐",
                    "sales": "236",
                    "img": "04.jpg",
                    "num": "0"
                },
                {
                    "id": "5",
                    "price": "26",
                    "title": "香辣鱿鱼饭",
                    "sales": "236",
                    "img": "05.jpg",
                    "num": "0"
                },
                {
                    "id": "6",
                    "price": "18",
                    "title": "鸡排大亨",
                    "sales": "236",
                    "img": "06.jpg",
                    "num": "0"
                },
                {
                    "id": "7",
                    "price": "9",
                    "title": "美年达",
                    "sales": "236",
                    "img": "07.jpg",
                    "num": "0"
                },
                {
                    "id": "8",
                    "price": "9",
                    "title": "七喜",
                    "sales": "236",
                    "img": "08.jpg",
                    "num": "0"
                },
                {
                    "id": "9",
                    "price": "18",
                    "title": "肥牛米汉堡",
                    "sales": "236",
                    "img": "09.jpg",
                    "num": "0"
                },
                {
                    "id": "10",
                    "price": "37",
                    "title": "塔塔酱鲜虾米汉堡套餐",
                    "sales": "32",
                    "img": "10.jpg",
                    "num": "0"
                },
                {
                    "id": "11",
                    "price": "18",
                    "title": "菠萝鸡腿堡",
                    "sales": "50",
                    "img": "11.jpg",
                    "num": "0"
                },
                {
                    "id": "12",
                    "price": "43",
                    "title": "咖喱脆皮鸡腿饭套餐",
                    "sales": "40",
                    "img": "12.jpg",
                    "num": "0"
                },
                {
                    "id": "13",
                    "price": "22",
                    "title": "南洋鸡肉卷套餐",
                    "sales": "36",
                    "img": "13.jpg",
                    "num": "0"
                },
                {
                    "id": "14",
                    "price": "23",
                    "title": "菠萝鸡腿堡套餐",
                    "sales": "38",
                    "img": "14.jpg",
                    "num": "0"
                },
                {
                    "id": "15",
                    "price": "29",
                    "title": "双鸡堡套餐",
                    "sales": "33",
                    "img": "15.jpg",
                    "num": "0"
                },
                {
                    "id": "16",
                    "price": "16",
                    "title": "南洋鸡肉卷",
                    "sales": "144",
                    "img": "16.jpg",
                    "num": "0"
                },
                {
                    "id": "17",
                    "price": "13",
                    "title": "双鸡堡",
                    "sales": "126",
                    "img": "17.jpg",
                    "num": "0"
                },
                {
                    "id": "18",
                    "price": "17",
                    "title": "塔塔酱鲜虾米汉堡",
                    "sales": "54",
                    "img": "18.jpg",
                    "num": "0"
                },
                {
                    "id": "19",
                    "price": "23",
                    "title": "咖喱脆皮鸡腿饭",
                    "sales": "109",
                    "img": "19.jpg",
                    "num": "0"
                },
                {
                    "id": "20",
                    "price": "20",
                    "title": "至尊脆皮鸡腿堡",
                    "sales": "53",
                    "img": "20.jpg",
                    "num": "0"
                },
                {
                    "id": "21",
                    "price": "21",
                    "title": "照烧鸡腿饭",
                    "sales": "59",
                    "img": "21.jpg",
                    "num": "0"
                },
                {
                    "id": "22",
                    "price": "16",
                    "title": "脆皮鸡腿堡",
                    "sales": "81",
                    "img": "22.jpg",
                    "num": "0"
                },
                {
                    "id": "23",
                    "price": "23",
                    "title": "酱烧肥牛饭",
                    "sales": "75",
                    "img": "23.jpg",
                    "num": "0"
                },
                {
                    "id": "24",
                    "price": "10",
                    "title": "香辣鸡翅（2块）",
                    "sales": "198",
                    "img": "24.jpg",
                    "num": "0"
                },
                {
                    "id": "25",
                    "price": "11",
                    "title": "土耳其风味烤翅",
                    "sales": "95",
                    "img": "25.jpg",
                    "num": "0"
                },
                {
                    "id": "26",
                    "price": "12",
                    "title": "魔法鸡块",
                    "sales": "247",
                    "img": "26.jpg",
                    "num": "0"
                },
                {
                    "id": "27",
                    "price": "11",
                    "title": "德克士鸡块（6块）",
                    "sales": "162",
                    "img": "27.jpg",
                    "num": "0"
                },
                {
                    "id": "28",
                    "price": "10",
                    "title": "孜然鸡柳",
                    "sales": "170",
                    "img": "28.jpg",
                    "num": "0"
                },
                {
                    "id": "29",
                    "price": "12",
                    "title": "咔滋薯霸",
                    "sales": "236",
                    "img": "29.jpg",
                    "num": "0"
                },
                {
                    "id": "30",
                    "price": "11",
                    "title": "脆皮炸鸡",
                    "sales": "307",
                    "img": "30.jpg",
                    "num": "0"
                },
                {
                    "id": "31",
                    "price": "9",
                    "title": "幸福热奶茶",
                    "sales": "20",
                    "img": "31.jpg",
                    "num": "0"
                },
                {
                    "id": "32",
                    "price": "7",
                    "title": "热咖啡",
                    "sales": "8",
                    "img": "32.jpg",
                    "num": "0"
                },
                {
                    "id": "33",
                    "price": "7",
                    "title": "热果珍",
                    "sales": "9",
                    "img": "33.jpg",
                    "num": "0"
                },
                {
                    "id": "34",
                    "price": "9",
                    "title": "热牛奶",
                    "sales": "17",
                    "img": "34.jpg",
                    "num": "0"
                },
                {
                    "id": "35",
                    "price": "9",
                    "title": "幸福冰奶茶",
                    "sales": "12",
                    "img": "35.jpg",
                    "num": "0"
                },
                {
                    "id": "36",
                    "price": "9",
                    "title": "鲜橙汁",
                    "sales": "0",
                    "img": "36.jpg",
                    "num": "0"
                },
                {
                    "id": "37",
                    "price": "9",
                    "title": "菠菜芙蓉汤",
                    "sales": "6",
                    "img": "37.jpg",
                    "num": "0"
                }
            ]
        },
        {
            "id": "02", 
            "text": "香辣鱿鱼饭",
            "data": [
                {
                    "id": "10",
                    "price": "37",
                    "title": "塔塔酱鲜虾米汉堡套餐",
                    "sales": "32",
                    "img": "10.jpg",
                    "num": "0"
                },
                {
                    "id": "11",
                    "price": "18",
                    "title": "菠萝鸡腿堡",
                    "sales": "50",
                    "img": "11.jpg",
                    "num": "0"
                },
                {
                    "id": "12",
                    "price": "43",
                    "title": "咖喱脆皮鸡腿饭套餐",
                    "sales": "40",
                    "img": "12.jpg",
                    "num": "0"
                }
            ]
        },
        {
            "id": "03", 
            "text": "新品专区",
            "data": [
                {
                    "id": "13",
                    "price": "22",
                    "title": "南洋鸡肉卷套餐",
                    "sales": "36",
                    "img": "13.jpg",
                    "num": "0"
                },
                {
                    "id": "14",
                    "price": "23",
                    "title": "菠萝鸡腿堡套餐",
                    "sales": "38",
                    "img": "14.jpg",
                    "num": "0"
                },
                {
                    "id": "15",
                    "price": "29",
                    "title": "双鸡堡套餐",
                    "sales": "33",
                    "img": "15.jpg",
                    "num": "0"
                }
            ]
        },
        {
            "id": "04", 
            "text": "德意餐",
            "data": [
                {
                    "id": "16",
                    "price": "16",
                    "title": "南洋鸡肉卷",
                    "sales": "144",
                    "img": "16.jpg",
                    "num": "0"
                },
                {
                    "id": "17",
                    "price": "13",
                    "title": "双鸡堡",
                    "sales": "126",
                    "img": "17.jpg",
                    "num": "0"
                },
                {
                    "id": "18",
                    "price": "17",
                    "title": "塔塔酱鲜虾米汉堡",
                    "sales": "54",
                    "img": "18.jpg",
                    "num": "0"
                }
            ]
        },
        {
            "id": "05", 
            "text": "主食",
            "data": [
                {
                    "id": "19",
                    "price": "23",
                    "title": "咖喱脆皮鸡腿饭",
                    "sales": "109",
                    "img": "19.jpg",
                    "num": "0"
                },
                {
                    "id": "20",
                    "price": "20",
                    "title": "至尊脆皮鸡腿堡",
                    "sales": "53",
                    "img": "20.jpg",
                    "num": "0"
                },
                {
                    "id": "21",
                    "price": "21",
                    "title": "照烧鸡腿饭",
                    "sales": "59",
                    "img": "21.jpg",
                    "num": "0"
                },
                {
                    "id": "22",
                    "price": "16",
                    "title": "脆皮鸡腿堡",
                    "sales": "81",
                    "img": "22.jpg",
                    "num": "0"
                },
                {
                    "id": "23",
                    "price": "23",
                    "title": "酱烧肥牛饭",
                    "sales": "75",
                    "img": "23.jpg",
                    "num": "0"
                }
            ]
        },
        {
            "id": "06", 
            "text": "副食",
            "data": [
                {
                    "id": "24",
                    "price": "10",
                    "title": "香辣鸡翅（2块）",
                    "sales": "198",
                    "img": "24.jpg",
                    "num": "0"
                },
                {
                    "id": "25",
                    "price": "11",
                    "title": "土耳其风味烤翅",
                    "sales": "95",
                    "img": "25.jpg",
                    "num": "0"
                },
                {
                    "id": "26",
                    "price": "12",
                    "title": "魔法鸡块",
                    "sales": "247",
                    "img": "26.jpg",
                    "num": "0"
                },
                {
                    "id": "27",
                    "price": "11",
                    "title": "德克士鸡块（6块）",
                    "sales": "162",
                    "img": "27.jpg",
                    "num": "0"
                },
                {
                    "id": "28",
                    "price": "10",
                    "title": "孜然鸡柳",
                    "sales": "170",
                    "img": "28.jpg",
                    "num": "0"
                },
                {
                    "id": "29",
                    "price": "12",
                    "title": "咔滋薯霸",
                    "sales": "236",
                    "img": "29.jpg",
                    "num": "0"
                }
            ]
        },
        {
            "id": "07", 
            "text": "炸鸡",
            "data": [
                {
                    "id": "30",
                    "price": "11",
                    "title": "脆皮炸鸡",
                    "sales": "307",
                    "img": "30.jpg",
                    "num": "0"
                }
            ]
        },
        {
            "id": "08", 
            "text": "热饮",
            "data": [
                {
                    "id": "31",
                    "price": "9",
                    "title": "幸福热奶茶",
                    "sales": "20",
                    "img": "31.jpg",
                    "num": "0"
                },
                {
                    "id": "32",
                    "price": "7",
                    "title": "热咖啡",
                    "sales": "8",
                    "img": "32.jpg",
                    "num": "0"
                },
                {
                    "id": "33",
                    "price": "7",
                    "title": "热果珍",
                    "sales": "9",
                    "img": "33.jpg",
                    "num": "0"
                },
                {
                    "id": "34",
                    "price": "9",
                    "title": "热牛奶",
                    "sales": "17",
                    "img": "34.jpg",
                    "num": "0"
                }
            ]
        },
        {
            "id": "09", 
            "text": "冷饮",
            "data": [
                {
                    "id": "35",
                    "price": "9",
                    "title": "幸福冰奶茶",
                    "sales": "12",
                    "img": "35.jpg",
                    "num": "0"
                },
                {
                    "id": "36",
                    "price": "9",
                    "title": "鲜橙汁",
                    "sales": "0",
                    "img": "36.jpg",
                    "num": "0"
                }
            ]
        },
        {
            "id": "10", 
            "text": "汤品",
            "data": [
                {
                    "id": "37",
                    "price": "9",
                    "title": "菠菜芙蓉汤",
                    "sales": "6",
                    "img": "37.jpg",
                    "num": "0"
                }
            ]
        }
    ]
}