{"data":{"categories":[],"sortVOList":[{"sortId":0,"name":"综合排序","position":1},{"sortId":1,"name":"销量最高","position":0},{"sortId":2,"name":"速度最快","position":1},{"sortId":5,"name":"距离最近","position":0},{"sortId":3,"name":"评分最高","position":1},{"sortId":4,"name":"起送价最低","position":1},{"sortId":6,"name":"配送费最低","position":1},{"sortId":8,"name":"人均高到低","position":1},{"sortId":7,"name":"人均低到高","position":1}],"multifilterVOList":[],"filterPrices":[{"minPrice":0,"maxPrice":2147483647}]},"code":0,"msg":"成功"}