{"data":{"kingkongList":[{"cateId":910,"icon":"http://p1.meituan.net/jungle/8b5e1702d4145ccf058ba5fb31008c5310912.png","name":"美食"},{"cateId":101574,"icon":"http://p0.meituan.net/jungle/45ff2f098a20a77122bff8385192f0ec10547.png","name":"美团超市"},{"cateId":101578,"icon":"http://p1.meituan.net/jungle/12a9834827909fa55f54bce96e67470711250.png","name":"生鲜果蔬"},{"cateId":960,"icon":"http://p1.meituan.net/jungle/da9181f93dd2e11c5d74cf685470408f10016.png","name":"美团专送"},{"cateId":100325,"icon":"http://p1.meituan.net/jungle/83bfbcf07221cb1ccbcd9114e81ec7ac9209.png","name":"快食简餐"},{"cateId":102011,"icon":"http://p0.meituan.net/jungle/dd4382d3a7916c4a06a51a986628971b8983.png","name":"早餐"},{"cateId":19,"icon":"http://p1.meituan.net/jungle/e54f1fe77b0588d2dfe82a12e424108a9450.png","name":"甜点饮品"},{"cateId":100209,"icon":"http://p0.meituan.net/jungle/2eee7747fd143249b100b9fa5ee5e31d9873.png","name":"家常菜"}]},"code":0,"msg":"成功"}